{"nodes":{"node:1":{"location":{"x":-1034,"y":-233}}},"selection":["node:1"],"view":{"scroll":{"x":-1701.2242431640625,"y":-585.537353515625},"zoom":1.25}}